Cytokine 	(SNPs, cytokine p-value, survival p-value)
CD40L	('rs4952913', 3.458e-05, 3.745e-05)	('rs10497319', 1.372e-05, 2.834e-05)	('rs4833581', 2.914e-05, 8.935e-07)	('rs2471063', 9.846e-07, 4.723e-05)	('rs12238170', 4.291e-07, 4.002e-05)	('rs7169625', 1.627e-06, 2.5e-05)	('rs2279235', 1.627e-06, 2.5e-05)	('rs12591556', 1.094e-06, 1.751e-05)	('rs12591575', 1.432e-06, 7.98e-06)	('rs10519178', 1.094e-06, 1.751e-05)	('rs16960993', 1.687e-06, 2.467e-06)	('rs16961118', 5.677e-06, 4.002e-05)	('rs10519184', 1.264e-05, 2.889e-05)	('rs16961239', 1.663e-06, 1.592e-05)	
EGF	('rs12591575', 1.116e-05, 7.98e-06)	('rs2046006', 4.856e-05, 2.454e-05)	
Elastase2_HW	('rs760941', 2.519e-05, 4.032e-05)	('rs974698', 2.864e-05, 9.149e-06)	('rs1018396', 2.864e-05, 9.149e-06)	('rs2473375', 4.04e-05, 2.215e-05)	('rs2473377', 3.682e-05, 1.179e-05)	('rs2502979', 3.155e-05, 1.004e-05)	('rs6697805', 3.793e-05, 1.22e-05)	('rs35385477', 2.864e-05, 9.149e-06)	('rs34902309', 2.377e-05, 3.794e-05)	('rs10510953', 1.165e-06, 3.543e-05)	('rs1955156', 3.628e-05, 1.588e-05)	('rs11759038', 3.809e-05, 4.68e-05)	('rs12238170', 3.684e-05, 4.002e-05)	('rs7169625', 3.013e-06, 2.5e-05)	('rs2279235', 3.013e-06, 2.5e-05)	('rs12591556', 1.528e-08, 1.751e-05)	('rs12591575', 5.251e-08, 7.98e-06)	('rs10519178', 1.528e-08, 1.751e-05)	('rs16960993', 2.163e-07, 2.467e-06)	('rs16961118', 3.963e-06, 4.002e-05)	('rs10519184', 2.625e-05, 2.889e-05)	('rs16961239', 1.509e-06, 1.592e-05)	('rs2046006', 4.823e-05, 2.454e-05)	
EOTAXIN	('rs10496397', 3.196e-05, 1.209e-05)	('rs10497319', 2.639e-05, 2.834e-05)	('rs12591556', 1.554e-05, 1.751e-05)	('rs12591575', 2.95e-05, 7.98e-06)	('rs10519178', 1.554e-05, 1.751e-05)	('rs16960993', 1.879e-05, 2.467e-06)	('rs10519184', 2.625e-05, 2.889e-05)	
FGF2	('rs12591556', 1.115e-05, 1.751e-05)	('rs12591575', 6.881e-06, 7.98e-06)	('rs10519178', 1.115e-05, 1.751e-05)	('rs16960993', 1.915e-05, 2.467e-06)	
FLT3L	('rs10510953', 1.712e-05, 3.543e-05)	('rs1955156', 4.739e-05, 1.588e-05)	('rs2471063', 2.529e-06, 4.723e-05)	('rs12238170', 1.34e-06, 4.002e-05)	('rs7169625', 3.046e-07, 2.5e-05)	('rs2279235', 3.046e-07, 2.5e-05)	('rs12591556', 9.306e-07, 1.751e-05)	('rs12591575', 1.018e-06, 7.98e-06)	('rs10519178', 9.306e-07, 1.751e-05)	('rs16960993', 3.327e-07, 2.467e-06)	('rs16961118', 1.34e-06, 4.002e-05)	('rs10519184', 2.159e-08, 2.889e-05)	('rs16961239', 3.448e-07, 1.592e-05)	
FRACTALKINE	('rs10497319', 4.203e-06, 2.834e-05)	('rs1955156', 3.689e-05, 1.588e-05)	('rs2471063', 2.444e-05, 4.723e-05)	('rs12238170', 4.335e-06, 4.002e-05)	('rs7169625', 1.676e-05, 2.5e-05)	('rs2279235', 1.676e-05, 2.5e-05)	('rs12591556', 1.925e-05, 1.751e-05)	('rs12591575', 6.186e-06, 7.98e-06)	('rs10519178', 1.925e-05, 1.751e-05)	('rs16960993', 1.768e-06, 2.467e-06)	('rs16961118', 4.25e-05, 4.002e-05)	('rs16961239', 1.49e-05, 1.592e-05)	
GCSF	('rs974698', 4.828e-05, 9.149e-06)	('rs1018396', 4.828e-05, 9.149e-06)	('rs35385477', 4.828e-05, 9.149e-06)	('rs10497319', 2.423e-06, 2.834e-05)	('rs6816611', 2.3e-05, 1.619e-05)	('rs2471063', 1.009e-05, 4.723e-05)	('rs12238170', 2.279e-06, 4.002e-05)	('rs7169625', 8.771e-06, 2.5e-05)	('rs2279235', 8.771e-06, 2.5e-05)	('rs12591556', 1.633e-06, 1.751e-05)	('rs12591575', 4.844e-07, 7.98e-06)	('rs10519178', 1.633e-06, 1.751e-05)	('rs16960993', 8.687e-07, 2.467e-06)	('rs16961118', 2.429e-05, 4.002e-05)	('rs16961239', 8.103e-06, 1.592e-05)	
GMCSF	('rs10497319', 1.646e-06, 2.834e-05)	('rs1955156', 4.65e-05, 1.588e-05)	('rs6816611', 2.803e-06, 1.619e-05)	('rs2471063', 5.402e-06, 4.723e-05)	('rs12238170', 1.451e-06, 4.002e-05)	('rs9592084', 1.01e-05, 6.822e-06)	('rs7169625', 5.564e-06, 2.5e-05)	('rs2279235', 5.564e-06, 2.5e-05)	('rs12591556', 4.983e-06, 1.751e-05)	('rs12591575', 6.826e-06, 7.98e-06)	('rs10519178', 4.983e-06, 1.751e-05)	('rs16960993', 5.272e-07, 2.467e-06)	('rs16961118', 1.64e-05, 4.002e-05)	('rs10519184', 3.895e-05, 2.889e-05)	('rs16961239', 5.281e-06, 1.592e-05)	
GranzymeB_HW	('rs7514394', 1.478e-05, 1.795e-05)	('rs760941', 4.076e-06, 4.032e-05)	('rs12031592', 9.722e-06, 1.263e-05)	('rs974698', 3.151e-06, 9.149e-06)	('rs1018396', 3.151e-06, 9.149e-06)	('rs2473375', 1.76e-05, 2.215e-05)	('rs2473377', 1.156e-05, 1.179e-05)	('rs2179395', 1.752e-05, 1.677e-05)	('rs2502979', 8.967e-06, 1.004e-05)	('rs6697805', 1.061e-05, 1.22e-05)	('rs6424115', 3.092e-05, 2.863e-05)	('rs4649115', 1.599e-05, 1.831e-05)	('rs35385477', 3.151e-06, 9.149e-06)	('rs34902309', 8.905e-06, 3.794e-05)	('rs10497319', 1.372e-05, 2.834e-05)	('rs6816611', 2.879e-06, 1.619e-05)	('rs2471063', 4.517e-06, 4.723e-05)	('rs3920487', 1.079e-05, 2.603e-05)	('rs12238170', 4.291e-07, 4.002e-05)	('rs9592084', 2.175e-05, 6.822e-06)	('rs7169625', 1.467e-05, 2.5e-05)	('rs2279235', 1.467e-05, 2.5e-05)	('rs12591556', 2.339e-08, 1.751e-05)	('rs12591575', 5.566e-09, 7.98e-06)	('rs10519178', 2.339e-08, 1.751e-05)	('rs16960993', 1.687e-06, 2.467e-06)	('rs16961239', 1.819e-05, 1.592e-05)	('rs2046006', 2.036e-05, 2.454e-05)	('rs1528341', 2.449e-05, 4.004e-05)	
GRO	('rs10497319', 2.044e-07, 2.834e-05)	('rs10510953', 9.272e-06, 3.543e-05)	('rs1955156', 2.95e-05, 1.588e-05)	('rs2471063', 4.311e-06, 4.723e-05)	('rs3920487', 4.397e-05, 2.603e-05)	('rs12238170', 1.266e-07, 4.002e-05)	('rs9592084', 7.249e-06, 6.822e-06)	('rs7169625', 4.737e-07, 2.5e-05)	('rs2279235', 4.737e-07, 2.5e-05)	('rs12591556', 3.218e-08, 1.751e-05)	('rs12591575', 4.545e-08, 7.98e-06)	('rs10519178', 3.218e-08, 1.751e-05)	('rs16960993', 3.546e-08, 2.467e-06)	('rs16961118', 1.96e-06, 4.002e-05)	('rs10519184', 4.078e-06, 2.889e-05)	('rs16961239', 5.219e-07, 1.592e-05)	
HSP70_HW	('rs7514394', 7.467e-07, 1.795e-05)	('rs12034848', 5.908e-06, 2.624e-05)	('rs4237', 3.775e-06, 3.886e-05)	('rs760941', 1.336e-07, 4.032e-05)	('rs12031592', 9.189e-07, 1.263e-05)	('rs974698', 3.199e-07, 9.149e-06)	('rs1018396', 3.199e-07, 9.149e-06)	('rs2473375', 3.774e-06, 2.215e-05)	('rs2473377', 1.7e-06, 1.179e-05)	('rs2179395', 2.541e-06, 1.677e-05)	('rs2502979', 1.387e-06, 1.004e-05)	('rs6697805', 1.699e-06, 1.22e-05)	('rs6424115', 4.587e-06, 2.863e-05)	('rs4649115', 2.501e-06, 1.831e-05)	('rs35385477', 6.047e-07, 9.149e-06)	('rs34902309', 5.533e-06, 3.794e-05)	('rs10497319', 9.815e-06, 2.834e-05)	('rs6816611', 4.523e-05, 1.619e-05)	('rs4833581', 2.972e-05, 8.935e-07)	('rs7169625', 6.197e-06, 2.5e-05)	('rs2279235', 6.197e-06, 2.5e-05)	('rs12591556', 8.611e-08, 1.751e-05)	('rs12591575', 3.585e-08, 7.98e-06)	('rs10519178', 8.611e-08, 1.751e-05)	('rs16960993', 5.34e-07, 2.467e-06)	('rs16961118', 1.165e-05, 4.002e-05)	('rs10519184', 6.925e-06, 2.889e-05)	('rs16961239', 4.2e-06, 1.592e-05)	('rs2046006', 1.041e-05, 2.454e-05)	('rs4809216', 1.237e-05, 7.043e-07)	
IFNA2	('rs10497319', 3.497e-05, 2.834e-05)	('rs6816611', 2.352e-05, 1.619e-05)	('rs12591556', 2.486e-05, 1.751e-05)	('rs12591575', 2.632e-06, 7.98e-06)	('rs10519178', 2.486e-05, 1.751e-05)	('rs16960993', 2.697e-05, 2.467e-06)	
IFNG	('rs10497319', 2.8e-08, 2.834e-05)	('rs10510953', 1.033e-06, 3.543e-05)	('rs1955156', 1.34e-08, 1.588e-05)	('rs6816611', 2.125e-06, 1.619e-05)	('rs2471063', 2.402e-08, 4.723e-05)	('rs2116263', 4.204e-05, 2.092e-05)	('rs11759038', 6.397e-07, 4.68e-05)	('rs9343939', 1.622e-06, 1.219e-05)	('rs719172', 1.738e-06, 2.434e-05)	('rs3920487', 8.834e-08, 2.603e-05)	('rs1425790', 5.054e-06, 1.78e-05)	('rs12238170', 6.843e-11, 4.002e-05)	('rs10759469', 4.759e-05, 9.812e-06)	('rs7488619', 2.822e-05, 3.337e-05)	('rs7169625', 5.807e-09, 2.5e-05)	('rs2279235', 5.807e-09, 2.5e-05)	('rs12591556', 3.081e-08, 1.751e-05)	('rs12591575', 1.919e-08, 7.98e-06)	('rs10519178', 3.081e-08, 1.751e-05)	('rs16960993', 8.932e-09, 2.467e-06)	('rs16961118', 8.167e-08, 4.002e-05)	('rs10519184', 6.607e-08, 2.889e-05)	('rs16961239', 1.319e-08, 1.592e-05)	('rs1528341', 2.564e-05, 4.004e-05)	('rs4968431', 1.654e-05, 1.689e-05)	
IL10	('rs7514394', 8.955e-06, 1.795e-05)	('rs12034848', 2.682e-05, 2.624e-05)	('rs4237', 4.179e-05, 3.886e-05)	('rs760941', 2.15e-05, 4.032e-05)	('rs12031592', 5.563e-06, 1.263e-05)	('rs974698', 2.875e-06, 9.149e-06)	('rs1018396', 2.875e-06, 9.149e-06)	('rs2473375', 7.997e-06, 2.215e-05)	('rs2473377', 7.796e-06, 1.179e-05)	('rs2179395', 1.247e-05, 1.677e-05)	('rs2502979', 5.643e-06, 1.004e-05)	('rs6697805', 6.59e-06, 1.22e-05)	('rs6424115', 2.287e-05, 2.863e-05)	('rs4649115', 1.107e-05, 1.831e-05)	('rs35385477', 2.875e-06, 9.149e-06)	('rs34902309', 1.631e-05, 3.794e-05)	('rs10497319', 2.478e-05, 2.834e-05)	('rs10510953', 4.89e-06, 3.543e-05)	('rs1955156', 2.24e-07, 1.588e-05)	('rs6816611', 6.054e-06, 1.619e-05)	('rs2471063', 3.156e-08, 4.723e-05)	('rs11759038', 3.615e-05, 4.68e-05)	('rs3920487', 1.375e-05, 2.603e-05)	('rs12238170', 1.008e-08, 4.002e-05)	('rs9592084', 1.831e-06, 6.822e-06)	('rs7169625', 3.657e-08, 2.5e-05)	('rs2279235', 3.657e-08, 2.5e-05)	('rs12591556', 9.993e-10, 1.751e-05)	('rs12591575', 1.276e-09, 7.98e-06)	('rs10519178', 9.993e-10, 1.751e-05)	('rs16960993', 2.153e-09, 2.467e-06)	('rs16961118', 2.163e-07, 4.002e-05)	('rs10519184', 3.88e-07, 2.889e-05)	('rs16961239', 4.727e-08, 1.592e-05)	('rs4968431', 2.484e-05, 1.689e-05)	('rs12985626', 1.673e-05, 2.441e-05)	
IL12P40	('rs10497319', 1.348e-05, 2.834e-05)	('rs2471063', 1.234e-05, 4.723e-05)	('rs12238170', 1.628e-06, 4.002e-05)	('rs12591575', 3.941e-05, 7.98e-06)	('rs10519184', 1.062e-05, 2.889e-05)	
IL12P70	('rs10497319', 1.064e-05, 2.834e-05)	('rs12238170', 1.279e-05, 4.002e-05)	('rs7169625', 4.974e-05, 2.5e-05)	('rs2279235', 4.974e-05, 2.5e-05)	('rs16960993', 4.653e-05, 2.467e-06)	('rs16961239', 4.156e-05, 1.592e-05)	
IL13	('rs1561168', 2.911e-05, 2.852e-05)	('rs10493362', 9.1e-06, 9.894e-06)	('rs7517300', 2.911e-05, 2.852e-05)	('rs6816611', 3.518e-05, 1.619e-05)	('rs2471063', 5.133e-06, 4.723e-05)	('rs12238170', 8.614e-07, 4.002e-05)	('rs7169625', 3.741e-05, 2.5e-05)	('rs2279235', 3.741e-05, 2.5e-05)	('rs12591556', 2.234e-06, 1.751e-05)	('rs12591575', 8.343e-07, 7.98e-06)	('rs10519178', 2.234e-06, 1.751e-05)	('rs16960993', 4.274e-06, 2.467e-06)	('rs10519184', 5.556e-06, 2.889e-05)	('rs16961239', 3.177e-05, 1.592e-05)	('rs140313', 4.6e-05, 8.89e-06)	
IL15	('rs974698', 3.587e-05, 9.149e-06)	('rs1018396', 3.587e-05, 9.149e-06)	('rs6816611', 1.986e-05, 1.619e-05)	('rs12238170', 1.382e-05, 4.002e-05)	('rs12591556', 1.781e-05, 1.751e-05)	('rs12591575', 9.654e-06, 7.98e-06)	('rs10519178', 1.781e-05, 1.751e-05)	('rs16960993', 8.673e-06, 2.467e-06)	('rs16961239', 4.757e-05, 1.592e-05)	
IL17	('rs10497319', 1.696e-05, 2.834e-05)	('rs12238170', 2.203e-05, 4.002e-05)	('rs9592084', 3.351e-05, 6.822e-06)	('rs12591556', 7.407e-06, 1.751e-05)	('rs12591575', 1.392e-05, 7.98e-06)	('rs10519178', 7.407e-06, 1.751e-05)	('rs16960993', 1.066e-05, 2.467e-06)	('rs10519184', 1.449e-05, 2.889e-05)	
IL1A	('rs7514394', 4.721e-05, 1.795e-05)	('rs760941', 1.877e-05, 4.032e-05)	('rs12031592', 3.309e-05, 1.263e-05)	('rs974698', 2.285e-05, 9.149e-06)	('rs1018396', 2.285e-05, 9.149e-06)	('rs2473375', 2.391e-05, 2.215e-05)	('rs2473377', 3.363e-05, 1.179e-05)	('rs2179395', 4.797e-05, 1.677e-05)	('rs2502979', 2.798e-05, 1.004e-05)	('rs6697805', 3.337e-05, 1.22e-05)	('rs35385477', 2.285e-05, 9.149e-06)	('rs10493362', 9.1e-06, 9.894e-06)	('rs10497319', 8.338e-06, 2.834e-05)	('rs2471063', 2.011e-05, 4.723e-05)	('rs12238170', 9.634e-06, 4.002e-05)	('rs9592084', 2.335e-06, 6.822e-06)	('rs7169625', 3.741e-05, 2.5e-05)	('rs2279235', 3.741e-05, 2.5e-05)	('rs12591556', 3.948e-07, 1.751e-05)	('rs12591575', 8.343e-07, 7.98e-06)	('rs10519178', 3.948e-07, 1.751e-05)	('rs16960993', 4.274e-06, 2.467e-06)	('rs16961239', 3.177e-05, 1.592e-05)	
IL1a_HW	('rs7514394', 2.763e-05, 1.795e-05)	('rs760941', 1.174e-05, 4.032e-05)	('rs12031592', 1.942e-05, 1.263e-05)	('rs974698', 1.377e-05, 9.149e-06)	('rs1018396', 1.377e-05, 9.149e-06)	('rs2473375', 3.677e-05, 2.215e-05)	('rs2473377', 1.882e-05, 1.179e-05)	('rs2179395', 2.68e-05, 1.677e-05)	('rs2502979', 1.586e-05, 1.004e-05)	('rs6697805', 1.912e-05, 1.22e-05)	('rs6424115', 4.54e-05, 2.863e-05)	('rs4649115', 2.696e-05, 1.831e-05)	('rs35385477', 1.377e-05, 9.149e-06)	('rs1955156', 3.532e-05, 1.588e-05)	('rs12591556', 7.407e-06, 1.751e-05)	('rs12591575', 1.392e-05, 7.98e-06)	('rs10519178', 7.407e-06, 1.751e-05)	('rs16960993', 1.066e-05, 2.467e-06)	
IL1B	('rs12031592', 3.789e-05, 1.263e-05)	('rs974698', 2.174e-05, 9.149e-06)	('rs1018396', 2.174e-05, 9.149e-06)	('rs2473375', 4.65e-05, 2.215e-05)	('rs2473377', 4.867e-05, 1.179e-05)	('rs2502979', 3.707e-05, 1.004e-05)	('rs6697805', 4.296e-05, 1.22e-05)	('rs35385477', 2.174e-05, 9.149e-06)	('rs2471063', 2.813e-07, 4.723e-05)	('rs12238170', 9.031e-07, 4.002e-05)	('rs10759469', 4.757e-05, 9.812e-06)	('rs7169625', 1.926e-07, 2.5e-05)	('rs2279235', 1.926e-07, 2.5e-05)	('rs12591556', 9.518e-09, 1.751e-05)	('rs12591575', 1.299e-08, 7.98e-06)	('rs10519178', 9.518e-09, 1.751e-05)	('rs16960993', 1.324e-08, 2.467e-06)	('rs16961118', 9.031e-07, 4.002e-05)	('rs10519184', 1.785e-06, 2.889e-05)	('rs16961239', 2.243e-07, 1.592e-05)	
IL1RA	('rs974698', 3.524e-05, 9.149e-06)	('rs1018396', 3.524e-05, 9.149e-06)	('rs35385477', 3.524e-05, 9.149e-06)	('rs10497319', 4.203e-06, 2.834e-05)	('rs2471063', 2.444e-05, 4.723e-05)	('rs12238170', 3.472e-07, 4.002e-05)	('rs10759469', 2.57e-05, 9.812e-06)	('rs7169625', 2.024e-06, 2.5e-05)	('rs2279235', 2.024e-06, 2.5e-05)	('rs12591556', 1.12e-07, 1.751e-05)	('rs12591575', 3.866e-08, 7.98e-06)	('rs10519178', 1.12e-07, 1.751e-05)	('rs16960993', 1.566e-07, 2.467e-06)	('rs16961118', 4.335e-06, 4.002e-05)	('rs10519184', 1.673e-05, 2.889e-05)	('rs16961239', 1.444e-06, 1.592e-05)	('rs4809216', 2.571e-05, 7.043e-07)	
IL2	('rs10497319', 5.013e-06, 2.834e-05)	('rs2471063', 2.012e-06, 4.723e-05)	('rs12238170', 4.387e-07, 4.002e-05)	('rs7169625', 2.061e-05, 2.5e-05)	('rs2279235', 2.061e-05, 2.5e-05)	('rs12591556', 5.114e-06, 1.751e-05)	('rs12591575', 8.202e-06, 7.98e-06)	('rs10519178', 5.114e-06, 1.751e-05)	('rs16960993', 2.219e-06, 2.467e-06)	('rs16961239', 1.811e-05, 1.592e-05)	
IL2RA	('rs10510953', 1.83e-05, 3.543e-05)	('rs12238170', 7.719e-07, 4.002e-05)	('rs9592084', 5.009e-06, 6.822e-06)	('rs7169625', 4.899e-07, 2.5e-05)	('rs2279235', 4.899e-07, 2.5e-05)	('rs12591556', 9.182e-10, 1.751e-05)	('rs12591575', 3.129e-09, 7.98e-06)	('rs10519178', 9.182e-10, 1.751e-05)	('rs16960993', 2.966e-08, 2.467e-06)	('rs16961118', 7.719e-07, 4.002e-05)	('rs10519184', 4.968e-06, 2.889e-05)	('rs16961239', 2.616e-07, 1.592e-05)	
IL3	('rs7514394', 1.028e-05, 1.795e-05)	('rs4237', 1.941e-05, 3.886e-05)	('rs760941', 9.255e-06, 4.032e-05)	('rs12031592', 7.32e-06, 1.263e-05)	('rs974698', 5.622e-06, 9.149e-06)	('rs1018396', 5.622e-06, 9.149e-06)	('rs2473375', 1.796e-05, 2.215e-05)	('rs2473377', 6.233e-06, 1.179e-05)	('rs2179395', 8.773e-06, 1.677e-05)	('rs2502979', 5.463e-06, 1.004e-05)	('rs6697805', 6.758e-06, 1.22e-05)	('rs6424115', 1.509e-05, 2.863e-05)	('rs4649115', 1.002e-05, 1.831e-05)	('rs35385477', 5.622e-06, 9.149e-06)	('rs34902309', 3.886e-05, 3.794e-05)	('rs13151258', 1.905e-05, 1.126e-05)	('rs12238170', 1.923e-05, 4.002e-05)	
IL4	('rs10497319', 1.152e-05, 2.834e-05)	('rs12238170', 1.404e-05, 4.002e-05)	('rs1947598', 1.536e-05, 1.636e-05)	('rs12591575', 3.076e-05, 7.98e-06)	('rs16960993', 6.477e-06, 2.467e-06)	('rs16961239', 4.537e-05, 1.592e-05)	
IL5	('rs10497319', 3.006e-05, 2.834e-05)	('rs2471063', 1.883e-05, 4.723e-05)	('rs3920487', 1.059e-05, 2.603e-05)	('rs12238170', 1.292e-06, 4.002e-05)	('rs7169625', 4.951e-06, 2.5e-05)	('rs2279235', 4.951e-06, 2.5e-05)	('rs12591556', 2.181e-05, 1.751e-05)	('rs12591575', 2.678e-05, 7.98e-06)	('rs10519178', 2.181e-05, 1.751e-05)	('rs16960993', 4.959e-06, 2.467e-06)	('rs16961118', 1.482e-05, 4.002e-05)	('rs10519184', 3.5e-05, 2.889e-05)	('rs16961239', 4.731e-06, 1.592e-05)	
IL6	('rs10497319', 1.089e-07, 2.834e-05)	('rs1955156', 3.331e-06, 1.588e-05)	('rs6816611', 7.5e-06, 1.619e-05)	('rs2471063', 3.445e-07, 4.723e-05)	('rs11759038', 1.574e-05, 4.68e-05)	('rs719172', 4.832e-05, 2.434e-05)	('rs3920487', 2.012e-05, 2.603e-05)	('rs12238170', 6.057e-08, 4.002e-05)	('rs7169625', 2.248e-07, 2.5e-05)	('rs2279235', 2.248e-07, 2.5e-05)	('rs12591556', 9.378e-08, 1.751e-05)	('rs12591575', 1.611e-08, 7.98e-06)	('rs10519178', 9.378e-08, 1.751e-05)	('rs16960993', 1.568e-08, 2.467e-06)	('rs16961118', 1.032e-06, 4.002e-05)	('rs10519184', 2.057e-06, 2.889e-05)	('rs16961239', 2.593e-07, 1.592e-05)	
IL7	('rs1561168', 4.757e-05, 2.852e-05)	('rs10493362', 7.717e-06, 9.894e-06)	('rs7517300', 4.757e-05, 2.852e-05)	('rs10497319', 2.639e-05, 2.834e-05)	('rs6816611', 3.272e-06, 1.619e-05)	('rs13151258', 3.104e-05, 1.126e-05)	('rs2471063', 4.156e-05, 4.723e-05)	('rs12238170', 3.963e-06, 4.002e-05)	('rs7169625', 2.276e-05, 2.5e-05)	('rs2279235', 2.276e-05, 2.5e-05)	('rs12591556', 6.048e-07, 1.751e-05)	('rs12591575', 5.251e-08, 7.98e-06)	('rs10519178', 6.048e-07, 1.751e-05)	('rs16960993', 2.226e-06, 2.467e-06)	('rs16961118', 3.684e-05, 4.002e-05)	('rs16961239', 1.456e-05, 1.592e-05)	('rs140313', 2.891e-05, 8.89e-06)	
IL8	('rs7514394', 4.017e-05, 1.795e-05)	('rs12031592', 2.546e-05, 1.263e-05)	('rs974698', 1.328e-05, 9.149e-06)	('rs1018396', 1.328e-05, 9.149e-06)	('rs2473375', 3.908e-05, 2.215e-05)	('rs2473377', 3.633e-05, 1.179e-05)	('rs2502979', 2.645e-05, 1.004e-05)	('rs6697805', 3.044e-05, 1.22e-05)	('rs35385477', 1.328e-05, 9.149e-06)	('rs10497319', 1.32e-05, 2.834e-05)	('rs4663576', 4.878e-05, 2.299e-05)	('rs10510953', 2.155e-06, 3.543e-05)	('rs1955156', 2.379e-06, 1.588e-05)	('rs6816611', 3.329e-07, 1.619e-05)	('rs2471063', 7.262e-09, 4.723e-05)	('rs11759038', 3.692e-05, 4.68e-05)	('rs3920487', 4.623e-06, 2.603e-05)	('rs1425790', 3.933e-05, 1.78e-05)	('rs12238170', 8.347e-08, 4.002e-05)	('rs9592084', 2.814e-06, 6.822e-06)	('rs7169625', 1.208e-08, 2.5e-05)	('rs2279235', 1.208e-08, 2.5e-05)	('rs12591556', 2.428e-09, 1.751e-05)	('rs12591575', 2.584e-09, 7.98e-06)	('rs10519178', 2.428e-09, 1.751e-05)	('rs16960993', 6.416e-10, 2.467e-06)	('rs16961118', 8.347e-08, 4.002e-05)	('rs10519184', 1.401e-07, 2.889e-05)	('rs16961239', 1.674e-08, 1.592e-05)	('rs12985626', 1.067e-05, 2.441e-05)	
IL8_HW	('rs7514394', 1.022e-05, 1.795e-05)	('rs4237', 3.68e-05, 3.886e-05)	('rs760941', 8.927e-06, 4.032e-05)	('rs12031592', 6.632e-06, 1.263e-05)	('rs974698', 3.851e-06, 9.149e-06)	('rs1018396', 3.851e-06, 9.149e-06)	('rs2473375', 1.283e-05, 2.215e-05)	('rs2473377', 8.102e-06, 1.179e-05)	('rs2179395', 1.245e-05, 1.677e-05)	('rs2502979', 6.199e-06, 1.004e-05)	('rs6697805', 7.334e-06, 1.22e-05)	('rs6424115', 2.225e-05, 2.863e-05)	('rs4649115', 1.186e-05, 1.831e-05)	('rs35385477', 3.851e-06, 9.149e-06)	('rs34902309', 1.954e-05, 3.794e-05)	('rs6816611', 1.485e-06, 1.619e-05)	('rs4833581', 2.914e-05, 8.935e-07)	('rs2471063', 2.27e-06, 4.723e-05)	('rs12238170', 3.588e-06, 4.002e-05)	('rs9592084', 1.647e-05, 6.822e-06)	('rs7169625', 9.173e-06, 2.5e-05)	('rs2279235', 9.173e-06, 2.5e-05)	('rs12591556', 5.66e-07, 1.751e-05)	('rs12591575', 7.258e-07, 7.98e-06)	('rs10519178', 5.66e-07, 1.751e-05)	('rs16960993', 1.007e-06, 2.467e-06)	('rs16961118', 3.912e-05, 4.002e-05)	('rs16961239', 1.178e-05, 1.592e-05)	('rs1528341', 1.384e-05, 4.004e-05)	
IL9	('rs2471063', 3.482e-05, 4.723e-05)	('rs12238170', 1.322e-06, 4.002e-05)	('rs9592084', 4.967e-05, 6.822e-06)	('rs16961239', 4.537e-05, 1.592e-05)	('rs4809216', 2.834e-05, 7.043e-07)	
IP10	('rs10493362', 1.838e-05, 9.894e-06)	('rs10497319', 5.762e-06, 2.834e-05)	('rs10510953', 9.272e-06, 3.543e-05)	('rs1955156', 2.95e-05, 1.588e-05)	('rs6816611', 1.645e-05, 1.619e-05)	('rs2471063', 9.121e-07, 4.723e-05)	('rs3920487', 1.071e-05, 2.603e-05)	('rs1425790', 8.757e-06, 1.78e-05)	('rs12238170', 1.266e-07, 4.002e-05)	('rs9592084', 2.766e-07, 6.822e-06)	('rs7169625', 4.937e-06, 2.5e-05)	('rs2279235', 4.937e-06, 2.5e-05)	('rs12591556', 1.538e-06, 1.751e-05)	('rs12591575', 1.716e-06, 7.98e-06)	('rs10519178', 1.538e-06, 1.751e-05)	('rs16960993', 5.823e-06, 2.467e-06)	('rs16961118', 2.325e-05, 4.002e-05)	('rs10519184', 3.236e-05, 2.889e-05)	('rs16961239', 6.641e-06, 1.592e-05)	
Lactoferrin_HW	('rs6816611', 4.523e-05, 1.619e-05)	('rs12238170', 1.165e-05, 4.002e-05)	('rs7169625', 4.528e-05, 2.5e-05)	('rs2279235', 4.528e-05, 2.5e-05)	('rs12591556', 5.324e-07, 1.751e-05)	('rs12591575', 1.129e-06, 7.98e-06)	('rs10519178', 5.324e-07, 1.751e-05)	('rs16960993', 5.272e-06, 2.467e-06)	('rs16961239', 3.803e-05, 1.592e-05)	('rs1528341', 1.26e-05, 4.004e-05)	
MCP1	('rs10497319', 2.922e-06, 2.834e-05)	('rs6816611', 3.013e-05, 1.619e-05)	('rs2471063', 1.365e-05, 4.723e-05)	('rs12238170', 2.836e-06, 4.002e-05)	('rs9592084', 3.453e-06, 6.822e-06)	('rs7169625', 1.252e-06, 2.5e-05)	('rs2279235', 1.252e-06, 2.5e-05)	('rs12591556', 1.142e-05, 1.751e-05)	('rs12591575', 1.601e-05, 7.98e-06)	('rs10519178', 1.142e-05, 1.751e-05)	('rs16960993', 1.106e-06, 2.467e-06)	('rs16961118', 2.836e-06, 4.002e-05)	('rs10519184', 1.077e-05, 2.889e-05)	('rs16961239', 9.136e-07, 1.592e-05)	
MCP3	('rs10497319', 7.676e-06, 2.834e-05)	('rs6816611', 3.097e-05, 1.619e-05)	('rs12238170', 8.749e-06, 4.002e-05)	('rs7169625', 4.482e-06, 2.5e-05)	('rs2279235', 4.482e-06, 2.5e-05)	('rs12591556', 3.392e-07, 1.751e-05)	('rs12591575', 7.153e-07, 7.98e-06)	('rs10519178', 3.392e-07, 1.751e-05)	('rs16960993', 3.743e-07, 2.467e-06)	('rs16961118', 8.749e-06, 4.002e-05)	('rs10519184', 3.464e-05, 2.889e-05)	('rs16961239', 3.083e-06, 1.592e-05)	
MDC	('rs12238170', 5.892e-06, 4.002e-05)	('rs10759469', 3.967e-05, 9.812e-06)	('rs7169625', 2.282e-05, 2.5e-05)	('rs2279235', 2.282e-05, 2.5e-05)	('rs12591556', 1.092e-06, 1.751e-05)	('rs12591575', 1.991e-06, 7.98e-06)	('rs10519178', 1.092e-06, 1.751e-05)	('rs16960993', 2.482e-06, 2.467e-06)	('rs16961239', 1.994e-05, 1.592e-05)	
MIP1A	('rs10497319', 9.815e-06, 2.834e-05)	('rs12238170', 1.069e-06, 4.002e-05)	('rs7169625', 7.037e-07, 2.5e-05)	('rs2279235', 7.037e-07, 2.5e-05)	('rs12591556', 2.944e-06, 1.751e-05)	('rs12591575', 1.129e-06, 7.98e-06)	('rs10519178', 2.944e-06, 1.751e-05)	('rs16960993', 5.34e-07, 2.467e-06)	('rs16961118', 1.165e-05, 4.002e-05)	('rs10519184', 4.659e-05, 2.889e-05)	('rs16961239', 4.2e-06, 1.592e-05)	('rs139072', 3.489e-05, 4.904e-05)	
MIP1a_HW	('rs7169625', 6.128e-07, 2.5e-05)	('rs2279235', 6.128e-07, 2.5e-05)	('rs12591556', 6.611e-07, 1.751e-05)	('rs12591575', 4.735e-07, 7.98e-06)	('rs10519178', 6.611e-07, 1.751e-05)	('rs16960993', 3.351e-07, 2.467e-06)	('rs16961118', 4.093e-06, 4.002e-05)	('rs10519184', 4.606e-05, 2.889e-05)	('rs16961239', 1.78e-06, 1.592e-05)	
MIP1B	('rs10497319', 3.204e-06, 2.834e-05)	('rs2471063', 1.583e-05, 4.723e-05)	('rs12238170', 3.159e-06, 4.002e-05)	('rs9592084', 1.722e-06, 6.822e-06)	('rs7169625', 1.219e-05, 2.5e-05)	('rs2279235', 1.219e-05, 2.5e-05)	('rs12591556', 1.304e-05, 1.751e-05)	('rs12591575', 1.835e-05, 7.98e-06)	('rs10519178', 1.304e-05, 1.751e-05)	('rs16960993', 1.246e-06, 2.467e-06)	('rs16961118', 3.227e-05, 4.002e-05)	('rs16961239', 1.104e-05, 1.592e-05)	('rs2046006', 2.021e-05, 2.454e-05)	
MIP1b_HW	('rs10497319', 2.456e-05, 2.834e-05)	('rs1955156', 1.117e-05, 1.588e-05)	('rs12238170', 3.388e-05, 4.002e-05)	('rs9592084', 2.241e-05, 6.822e-06)	('rs7169625', 2.958e-07, 2.5e-05)	('rs2279235', 2.958e-07, 2.5e-05)	('rs12591556', 5.251e-07, 1.751e-05)	('rs12591575', 1.309e-06, 7.98e-06)	('rs10519178', 5.251e-07, 1.751e-05)	('rs16960993', 1.927e-07, 2.467e-06)	('rs16961118', 3.603e-06, 4.002e-05)	('rs10519184', 2.383e-05, 2.889e-05)	('rs16961239', 1.363e-06, 1.592e-05)	('rs2046006', 2.635e-07, 2.454e-05)	
MMP8_HW	('rs10497319', 2.922e-06, 2.834e-05)	('rs10510953', 4.443e-06, 3.543e-05)	('rs6816611', 3.013e-05, 1.619e-05)	('rs2471063', 1.365e-05, 4.723e-05)	('rs12238170', 2.938e-05, 4.002e-05)	('rs9592084', 6.799e-06, 6.822e-06)	('rs7169625', 1.252e-06, 2.5e-05)	('rs2279235', 1.252e-06, 2.5e-05)	('rs12591556', 5.723e-08, 1.751e-05)	('rs12591575', 1.177e-07, 7.98e-06)	('rs10519178', 5.723e-08, 1.751e-05)	('rs16960993', 9.255e-08, 2.467e-06)	('rs16961118', 2.836e-06, 4.002e-05)	('rs10519184', 1.077e-05, 2.889e-05)	('rs16961239', 9.136e-07, 1.592e-05)	('rs2046006', 2.09e-06, 2.454e-05)	('rs1528341', 1.144e-05, 4.004e-05)	
NGAL_HW	('rs7169625', 1.896e-05, 2.5e-05)	('rs2279235', 1.896e-05, 2.5e-05)	('rs12591556', 1.423e-06, 1.751e-05)	('rs12591575', 4.17e-06, 7.98e-06)	('rs10519178', 1.423e-06, 1.751e-05)	('rs16960993', 1.623e-06, 2.467e-06)	('rs16961118', 2.085e-05, 4.002e-05)	('rs10519184', 2.486e-05, 2.889e-05)	('rs16961239', 8.933e-06, 1.592e-05)	('rs2046006', 3.021e-05, 2.454e-05)	('rs1528341', 3.584e-05, 4.004e-05)	
Resistin_HW	('rs7169625', 2.072e-05, 2.5e-05)	('rs2279235', 2.072e-05, 2.5e-05)	('rs12591556', 2.987e-07, 1.751e-05)	('rs12591575', 2.028e-07, 7.98e-06)	('rs10519178', 2.987e-07, 1.751e-05)	('rs16960993', 1.789e-06, 2.467e-06)	('rs16961118', 2.259e-05, 4.002e-05)	('rs16961239', 9.734e-06, 1.592e-05)	
TGFA	('rs10497319', 4.293e-05, 2.834e-05)	('rs7169625', 6.151e-06, 2.5e-05)	('rs2279235', 6.151e-06, 2.5e-05)	('rs12591556', 2.833e-07, 1.751e-05)	('rs12591575', 8.28e-07, 7.98e-06)	('rs10519178', 2.833e-07, 1.751e-05)	('rs16960993', 4.487e-06, 2.467e-06)	('rs16961118', 7.544e-06, 4.002e-05)	('rs16961239', 3.007e-06, 1.592e-05)	('rs4809216', 4.347e-05, 7.043e-07)	
Thrombospondin1_HW	('rs760941', 3.627e-05, 4.032e-05)	('rs974698', 4.064e-05, 9.149e-06)	('rs1018396', 4.064e-05, 9.149e-06)	('rs2502979', 4.384e-05, 1.004e-05)	('rs35385477', 4.064e-05, 9.149e-06)	('rs194933', 3.497e-05, 1.171e-05)	
TNFA	('rs10497319', 2.02e-05, 2.834e-05)	('rs10510953', 2.775e-05, 3.543e-05)	('rs1955156', 6.156e-06, 1.588e-05)	('rs6816611', 2.174e-05, 1.619e-05)	('rs2471063', 6.952e-07, 4.723e-05)	('rs11759038', 4.156e-05, 4.68e-05)	('rs9343939', 2.804e-05, 1.219e-05)	('rs719172', 4.041e-05, 2.434e-05)	('rs3920487', 4.216e-05, 2.603e-05)	('rs1425790', 3.199e-05, 1.78e-05)	('rs12238170', 7.075e-09, 4.002e-05)	('rs9592084', 7.796e-06, 6.822e-06)	('rs7169625', 2.553e-08, 2.5e-05)	('rs2279235', 2.553e-08, 2.5e-05)	('rs12591556', 5.467e-08, 1.751e-05)	('rs12591575', 5.34e-08, 7.98e-06)	('rs10519178', 5.467e-08, 1.751e-05)	('rs16960993', 3.019e-08, 2.467e-06)	('rs16961118', 1.588e-07, 4.002e-05)	('rs10519184', 2.788e-07, 2.889e-05)	('rs16961239', 3.376e-08, 1.592e-05)	
TNFB	('rs6816611', 3.097e-05, 1.619e-05)	('rs2471063', 4.41e-06, 4.723e-05)	('rs12238170', 7.719e-07, 4.002e-05)	('rs1947598', 6.889e-06, 1.636e-05)	('rs7169625', 3.396e-05, 2.5e-05)	('rs2279235', 3.396e-05, 2.5e-05)	('rs12591556', 9.942e-06, 1.751e-05)	('rs12591575', 3.576e-06, 7.98e-06)	('rs10519178', 9.942e-06, 1.751e-05)	('rs16960993', 3.842e-06, 2.467e-06)	('rs16961239', 2.899e-05, 1.592e-05)	
VEGF	('rs10497319', 4.012e-05, 2.834e-05)	('rs12591556', 3.124e-05, 1.751e-05)	('rs12591575', 1.505e-05, 7.98e-06)	('rs10519178', 3.124e-05, 1.751e-05)	('rs16960993', 3.215e-05, 2.467e-06)	
