Cytokine 	 SNPs
CD40L	rs4952913	rs10497319	rs4833581	rs2471063	rs12238170	rs7169625	rs2279235	rs12591556	rs12591575	rs10519178	rs16960993	rs16961118	rs10519184	rs16961239	
EGF	rs12591575	rs2046006	
Elastase2_HW	rs760941	rs974698	rs1018396	rs2473375	rs2473377	rs2502979	rs6697805	rs35385477	rs34902309	rs10510953	rs1955156	rs11759038	rs12238170	rs7169625	rs2279235	rs12591556	rs12591575	rs10519178	rs16960993	rs16961118	rs10519184	rs16961239	rs2046006	
EOTAXIN	rs10496397	rs10497319	rs12591556	rs12591575	rs10519178	rs16960993	rs10519184	
FGF2	rs12591556	rs12591575	rs10519178	rs16960993	
FLT3L	rs10510953	rs1955156	rs2471063	rs12238170	rs7169625	rs2279235	rs12591556	rs12591575	rs10519178	rs16960993	rs16961118	rs10519184	rs16961239	
FRACTALKINE	rs10497319	rs1955156	rs2471063	rs12238170	rs7169625	rs2279235	rs12591556	rs12591575	rs10519178	rs16960993	rs16961118	rs16961239	
GCSF	rs974698	rs1018396	rs35385477	rs10497319	rs6816611	rs2471063	rs12238170	rs7169625	rs2279235	rs12591556	rs12591575	rs10519178	rs16960993	rs16961118	rs16961239	
GMCSF	rs10497319	rs1955156	rs6816611	rs2471063	rs12238170	rs9592084	rs7169625	rs2279235	rs12591556	rs12591575	rs10519178	rs16960993	rs16961118	rs10519184	rs16961239	
GranzymeB_HW	rs7514394	rs760941	rs12031592	rs974698	rs1018396	rs2473375	rs2473377	rs2179395	rs2502979	rs6697805	rs6424115	rs4649115	rs35385477	rs34902309	rs10497319	rs6816611	rs2471063	rs3920487	rs12238170	rs9592084	rs7169625	rs2279235	rs12591556	rs12591575	rs10519178	rs16960993	rs16961239	rs2046006	rs1528341	
GRO	rs10497319	rs10510953	rs1955156	rs2471063	rs3920487	rs12238170	rs9592084	rs7169625	rs2279235	rs12591556	rs12591575	rs10519178	rs16960993	rs16961118	rs10519184	rs16961239	
HSP70_HW	rs7514394	rs12034848	rs4237	rs760941	rs12031592	rs974698	rs1018396	rs2473375	rs2473377	rs2179395	rs2502979	rs6697805	rs6424115	rs4649115	rs35385477	rs34902309	rs10497319	rs6816611	rs4833581	rs7169625	rs2279235	rs12591556	rs12591575	rs10519178	rs16960993	rs16961118	rs10519184	rs16961239	rs2046006	rs4809216	
IFNA2	rs10497319	rs6816611	rs12591556	rs12591575	rs10519178	rs16960993	
IFNG	rs10497319	rs10510953	rs1955156	rs6816611	rs2471063	rs2116263	rs11759038	rs9343939	rs719172	rs3920487	rs1425790	rs12238170	rs10759469	rs7488619	rs7169625	rs2279235	rs12591556	rs12591575	rs10519178	rs16960993	rs16961118	rs10519184	rs16961239	rs1528341	rs4968431	
IL10	rs7514394	rs12034848	rs4237	rs760941	rs12031592	rs974698	rs1018396	rs2473375	rs2473377	rs2179395	rs2502979	rs6697805	rs6424115	rs4649115	rs35385477	rs34902309	rs10497319	rs10510953	rs1955156	rs6816611	rs2471063	rs11759038	rs3920487	rs12238170	rs9592084	rs7169625	rs2279235	rs12591556	rs12591575	rs10519178	rs16960993	rs16961118	rs10519184	rs16961239	rs4968431	rs12985626	
IL12P40	rs10497319	rs2471063	rs12238170	rs12591575	rs10519184	
IL12P70	rs10497319	rs12238170	rs7169625	rs2279235	rs16960993	rs16961239	
IL13	rs1561168	rs10493362	rs7517300	rs6816611	rs2471063	rs12238170	rs7169625	rs2279235	rs12591556	rs12591575	rs10519178	rs16960993	rs10519184	rs16961239	rs140313	
IL15	rs974698	rs1018396	rs6816611	rs12238170	rs12591556	rs12591575	rs10519178	rs16960993	rs16961239	
IL17	rs10497319	rs12238170	rs9592084	rs12591556	rs12591575	rs10519178	rs16960993	rs10519184	
IL1A	rs7514394	rs760941	rs12031592	rs974698	rs1018396	rs2473375	rs2473377	rs2179395	rs2502979	rs6697805	rs35385477	rs10493362	rs10497319	rs2471063	rs12238170	rs9592084	rs7169625	rs2279235	rs12591556	rs12591575	rs10519178	rs16960993	rs16961239	
IL1a_HW	rs7514394	rs760941	rs12031592	rs974698	rs1018396	rs2473375	rs2473377	rs2179395	rs2502979	rs6697805	rs6424115	rs4649115	rs35385477	rs1955156	rs12591556	rs12591575	rs10519178	rs16960993	
IL1B	rs12031592	rs974698	rs1018396	rs2473375	rs2473377	rs2502979	rs6697805	rs35385477	rs2471063	rs12238170	rs10759469	rs7169625	rs2279235	rs12591556	rs12591575	rs10519178	rs16960993	rs16961118	rs10519184	rs16961239	
IL1RA	rs974698	rs1018396	rs35385477	rs10497319	rs2471063	rs12238170	rs10759469	rs7169625	rs2279235	rs12591556	rs12591575	rs10519178	rs16960993	rs16961118	rs10519184	rs16961239	rs4809216	
IL2	rs10497319	rs2471063	rs12238170	rs7169625	rs2279235	rs12591556	rs12591575	rs10519178	rs16960993	rs16961239	
IL2RA	rs10510953	rs12238170	rs9592084	rs7169625	rs2279235	rs12591556	rs12591575	rs10519178	rs16960993	rs16961118	rs10519184	rs16961239	
IL3	rs7514394	rs4237	rs760941	rs12031592	rs974698	rs1018396	rs2473375	rs2473377	rs2179395	rs2502979	rs6697805	rs6424115	rs4649115	rs35385477	rs34902309	rs13151258	rs12238170	
IL4	rs10497319	rs12238170	rs1947598	rs12591575	rs16960993	rs16961239	
IL5	rs10497319	rs2471063	rs3920487	rs12238170	rs7169625	rs2279235	rs12591556	rs12591575	rs10519178	rs16960993	rs16961118	rs10519184	rs16961239	
IL6	rs10497319	rs1955156	rs6816611	rs2471063	rs11759038	rs719172	rs3920487	rs12238170	rs7169625	rs2279235	rs12591556	rs12591575	rs10519178	rs16960993	rs16961118	rs10519184	rs16961239	
IL7	rs1561168	rs10493362	rs7517300	rs10497319	rs6816611	rs13151258	rs2471063	rs12238170	rs7169625	rs2279235	rs12591556	rs12591575	rs10519178	rs16960993	rs16961118	rs16961239	rs140313	
IL8	rs7514394	rs12031592	rs974698	rs1018396	rs2473375	rs2473377	rs2502979	rs6697805	rs35385477	rs10497319	rs4663576	rs10510953	rs1955156	rs6816611	rs2471063	rs11759038	rs3920487	rs1425790	rs12238170	rs9592084	rs7169625	rs2279235	rs12591556	rs12591575	rs10519178	rs16960993	rs16961118	rs10519184	rs16961239	rs12985626	
IL8_HW	rs7514394	rs4237	rs760941	rs12031592	rs974698	rs1018396	rs2473375	rs2473377	rs2179395	rs2502979	rs6697805	rs6424115	rs4649115	rs35385477	rs34902309	rs6816611	rs4833581	rs2471063	rs12238170	rs9592084	rs7169625	rs2279235	rs12591556	rs12591575	rs10519178	rs16960993	rs16961118	rs16961239	rs1528341	
IL9	rs2471063	rs12238170	rs9592084	rs16961239	rs4809216	
IP10	rs10493362	rs10497319	rs10510953	rs1955156	rs6816611	rs2471063	rs3920487	rs1425790	rs12238170	rs9592084	rs7169625	rs2279235	rs12591556	rs12591575	rs10519178	rs16960993	rs16961118	rs10519184	rs16961239	
Lactoferrin_HW	rs6816611	rs12238170	rs7169625	rs2279235	rs12591556	rs12591575	rs10519178	rs16960993	rs16961239	rs1528341	
MCP1	rs10497319	rs6816611	rs2471063	rs12238170	rs9592084	rs7169625	rs2279235	rs12591556	rs12591575	rs10519178	rs16960993	rs16961118	rs10519184	rs16961239	
MCP3	rs10497319	rs6816611	rs12238170	rs7169625	rs2279235	rs12591556	rs12591575	rs10519178	rs16960993	rs16961118	rs10519184	rs16961239	
MDC	rs12238170	rs10759469	rs7169625	rs2279235	rs12591556	rs12591575	rs10519178	rs16960993	rs16961239	
MIP1A	rs10497319	rs12238170	rs7169625	rs2279235	rs12591556	rs12591575	rs10519178	rs16960993	rs16961118	rs10519184	rs16961239	rs139072	
MIP1a_HW	rs7169625	rs2279235	rs12591556	rs12591575	rs10519178	rs16960993	rs16961118	rs10519184	rs16961239	
MIP1B	rs10497319	rs2471063	rs12238170	rs9592084	rs7169625	rs2279235	rs12591556	rs12591575	rs10519178	rs16960993	rs16961118	rs16961239	rs2046006	
MIP1b_HW	rs10497319	rs1955156	rs12238170	rs9592084	rs7169625	rs2279235	rs12591556	rs12591575	rs10519178	rs16960993	rs16961118	rs10519184	rs16961239	rs2046006	
MMP8_HW	rs10497319	rs10510953	rs6816611	rs2471063	rs12238170	rs9592084	rs7169625	rs2279235	rs12591556	rs12591575	rs10519178	rs16960993	rs16961118	rs10519184	rs16961239	rs2046006	rs1528341	
NGAL_HW	rs7169625	rs2279235	rs12591556	rs12591575	rs10519178	rs16960993	rs16961118	rs10519184	rs16961239	rs2046006	rs1528341	
Resistin_HW	rs7169625	rs2279235	rs12591556	rs12591575	rs10519178	rs16960993	rs16961118	rs16961239	
TGFA	rs10497319	rs7169625	rs2279235	rs12591556	rs12591575	rs10519178	rs16960993	rs16961118	rs16961239	rs4809216	
Thrombospondin1_HW	rs760941	rs974698	rs1018396	rs2502979	rs35385477	rs194933	
TNFA	rs10497319	rs10510953	rs1955156	rs6816611	rs2471063	rs11759038	rs9343939	rs719172	rs3920487	rs1425790	rs12238170	rs9592084	rs7169625	rs2279235	rs12591556	rs12591575	rs10519178	rs16960993	rs16961118	rs10519184	rs16961239	
TNFB	rs6816611	rs2471063	rs12238170	rs1947598	rs7169625	rs2279235	rs12591556	rs12591575	rs10519178	rs16960993	rs16961239	
VEGF	rs10497319	rs12591556	rs12591575	rs10519178	rs16960993	
